AGE,SEX,POP,RACE,us
0,0,3783052,0,1
0,0,2722259,1,1
0,0,571483,2,1
0,0,61050,3,1
0,0,186078,4,1
0,0,11142,5,1
0,0,231040,6,1
0,0,2935241,7,1
0,0,697256,8,1
0,0,106813,9,1
0,0,270294,10,1
0,0,27281,11,1
1,0,3829599,0,1
1,0,2754686,1,1
1,0,578270,2,1
1,0,61579,3,1
1,0,193613,4,1
1,0,11356,5,1
1,0,230095,6,1
1,0,2966608,7,1
1,0,702804,8,1
1,0,107558,9,1
1,0,277901,10,1
1,0,27503,11,1
2,0,3922044,0,1
2,0,2816947,1,1
2,0,591975,2,1
2,0,62892,3,1
2,0,203417,4,1
2,0,11674,5,1
2,0,235139,6,1
2,0,3033473,7,1
2,0,719143,8,1
2,0,109809,9,1
2,0,289704,10,1
2,0,28193,11,1
3,0,3998665,0,1
3,0,2867560,1,1
3,0,604829,2,1
3,0,64172,3,1
3,0,211091,4,1
3,0,11968,5,1
3,0,239045,6,1
3,0,3087584,7,1
3,0,734130,8,1
3,0,111916,9,1
3,0,298830,10,1
3,0,28770,11,1
4,0,4043323,0,1
4,0,2893632,1,1
4,0,611601,2,1
4,0,64533,3,1
4,0,220851,4,1
4,0,12084,5,1
4,0,240622,6,1
4,0,3115077,7,1
4,0,741431,8,1
4,0,112570,9,1
4,0,309489,10,1
4,0,28996,11,1
5,0,4028281,0,1
5,0,2887174,1,1
5,0,610774,2,1
5,0,65005,3,1
5,0,215863,4,1
5,0,11669,5,1
5,0,237796,6,1
5,0,3106016,7,1
5,0,738684,8,1
5,0,112810,9,1
5,0,303489,10,1
5,0,28658,11,1
6,0,4017227,0,1
6,0,2878178,1,1
6,0,608078,2,1
6,0,64529,3,1
6,0,219990,4,1
6,0,11667,5,1
6,0,234785,6,1
6,0,3093935,7,1
6,0,733322,8,1
6,0,112095,9,1
6,0,307379,10,1
6,0,28768,11,1
7,0,4022319,0,1
7,0,2893861,1,1
7,0,608375,2,1
7,0,65832,3,1
7,0,211751,4,1
7,0,11258,5,1
7,0,231242,6,1
7,0,3106362,7,1
7,0,731773,8,1
7,0,113373,9,1
7,0,297190,10,1
7,0,28087,11,1
8,0,4066194,0,1
8,0,2940991,1,1
8,0,611762,2,1
8,0,63868,3,1
8,0,207363,4,1
8,0,11122,5,1
8,0,231088,6,1
8,0,3153415,7,1
8,0,734804,8,1
8,0,112051,9,1
8,0,292341,10,1
8,0,27997,11,1
9,0,4061874,0,1
9,0,2917461,1,1
9,0,613312,2,1
9,0,65046,3,1
9,0,218243,4,1
9,0,11895,5,1
9,0,235917,6,1
9,0,3134479,7,1
9,0,740150,8,1
9,0,113589,9,1
9,0,304438,10,1
9,0,28705,11,1
10,0,4060940,0,1
10,0,2915261,1,1
10,0,619968,2,1
10,0,64964,3,1
10,0,217996,4,1
10,0,12315,5,1
10,0,230436,6,1
10,0,3126913,7,1
10,0,744485,8,1
10,0,111724,9,1
10,0,301792,10,1
10,0,28703,11,1
11,0,4189261,0,1
11,0,3012729,1,1
11,0,639734,2,1
11,0,67398,3,1
11,0,225591,4,1
11,0,12591,5,1
11,0,231218,6,1
11,0,3224778,7,1
11,0,764915,8,1
11,0,114576,9,1
11,0,309321,10,1
11,0,29167,11,1
12,0,4208387,0,1
12,0,3041886,1,1
12,0,639265,2,1
12,0,68184,3,1
12,0,222105,4,1
12,0,12635,5,1
12,0,224312,6,1
12,0,3247450,7,1
12,0,759780,8,1
12,0,114851,9,1
12,0,303454,10,1
12,0,28975,11,1
13,0,4175221,0,1
13,0,3035471,1,1
13,0,624748,2,1
13,0,67022,3,1
13,0,221280,4,1
13,0,12324,5,1
13,0,214376,6,1
13,0,3231962,7,1
13,0,738243,8,1
13,0,112344,9,1
13,0,299854,10,1
13,0,27884,11,1
14,0,4164459,0,1
14,0,3037158,1,1
14,0,615884,2,1
14,0,66687,3,1
14,0,225930,4,1
14,0,12361,5,1
14,0,206439,6,1
14,0,3225791,7,1
14,0,723783,8,1
14,0,111490,9,1
14,0,302042,10,1
14,0,27343,11,1
15,0,4175459,0,1
15,0,3058838,1,1
15,0,611970,2,1
15,0,65187,3,1
15,0,228036,4,1
15,0,11912,5,1
15,0,199516,6,1
15,0,3241286,7,1
15,0,714929,8,1
15,0,109330,9,1
15,0,302001,10,1
15,0,26595,11,1
16,0,4150420,0,1
16,0,3045474,1,1
16,0,609297,2,1
16,0,64333,3,1
16,0,228930,4,1
16,0,11893,5,1
16,0,190493,6,1
16,0,3219323,7,1
16,0,706649,8,1
16,0,107907,9,1
16,0,299398,10,1
16,0,26076,11,1
17,0,4142425,0,1
17,0,3038727,1,1
17,0,620692,2,1
17,0,63979,3,1
17,0,223482,4,1
17,0,11556,5,1
17,0,183989,6,1
17,0,3206218,7,1
17,0,714988,8,1
17,0,107397,9,1
17,0,290460,10,1
17,0,25368,11,1
18,0,4255827,0,1
18,0,3114388,1,1
18,0,643507,2,1
18,0,64787,3,1
18,0,237352,4,1
18,0,11698,5,1
18,0,184095,6,1
18,0,3281780,7,1
18,0,737194,8,1
18,0,108788,9,1
18,0,304576,10,1
18,0,25736,11,1
19,0,4330439,0,1
19,0,3166338,1,1
19,0,663120,2,1
19,0,66373,3,1
19,0,240617,4,1
19,0,11908,5,1
19,0,182083,6,1
19,0,3331565,7,1
19,0,755816,8,1
19,0,111460,9,1
19,0,305957,10,1
19,0,25768,11,1
20,0,4269683,0,1
20,0,3130821,1,1
20,0,648670,2,1
20,0,64662,3,1
20,0,237369,4,1
20,0,11637,5,1
20,0,176524,6,1
20,0,3290820,7,1
20,0,737712,8,1
20,0,109242,9,1
20,0,300528,10,1
20,0,25487,11,1
21,0,4278323,0,1
21,0,3130082,1,1
21,0,653391,2,1
21,0,64812,3,1
21,0,247141,4,1
21,0,11721,5,1
21,0,171176,6,1
21,0,3285052,7,1
21,0,738962,8,1
21,0,108862,9,1
21,0,308066,10,1
21,0,24938,11,1
22,0,4298772,0,1
22,0,3142908,1,1
22,0,653260,2,1
22,0,64164,3,1
22,0,260117,4,1
22,0,11600,5,1
22,0,166723,6,1
22,0,3293506,7,1
22,0,735287,8,1
22,0,108540,9,1
22,0,319769,10,1
22,0,24775,11,1
23,0,4341644,0,1
23,0,3172754,1,1
23,0,655065,2,1
23,0,64069,3,1
23,0,274741,4,1
23,0,12086,5,1
23,0,162929,6,1
23,0,3319719,7,1
23,0,733901,8,1
23,0,108667,9,1
23,0,333473,10,1
23,0,25195,11,1
24,0,4444518,0,1
24,0,3232207,1,1
24,0,688471,2,1
24,0,65483,3,1
24,0,285490,4,1
24,0,12693,5,1
24,0,160174,6,1
24,0,3375671,7,1
24,0,765218,8,1
24,0,110655,9,1
24,0,343232,10,1
24,0,26111,11,1
25,0,4539058,0,1
25,0,3283663,1,1
25,0,720824,2,1
25,0,66952,3,1
25,0,297843,4,1
25,0,12917,5,1
25,0,156859,6,1
25,0,3423465,7,1
25,0,794177,8,1
25,0,112886,9,1
25,0,354802,10,1
25,0,26561,11,1
26,0,4611220,0,1
26,0,3327926,1,1
26,0,741956,2,1
26,0,69051,3,1
26,0,308417,4,1
26,0,13192,5,1
26,0,150678,6,1
26,0,3461734,7,1
26,0,810846,8,1
26,0,114590,9,1
26,0,363650,10,1
26,0,26514,11,1
27,0,4733869,0,1
27,0,3416577,1,1
27,0,758701,2,1
27,0,71221,3,1
27,0,324788,4,1
27,0,13622,5,1
27,0,148960,6,1
27,0,3547947,7,1
27,0,824458,8,1
27,0,117083,9,1
27,0,380907,10,1
27,0,27341,11,1
28,0,4818725,0,1
28,0,3477798,1,1
28,0,768399,2,1
28,0,70686,3,1
28,0,343531,4,1
28,0,14719,5,1
28,0,143592,6,1
28,0,3602855,7,1
28,0,830928,8,1
28,0,114792,9,1
28,0,399677,10,1
28,0,28821,11,1
29,0,4806144,0,1
29,0,3479601,1,1
29,0,756564,2,1
29,0,69250,3,1
29,0,350977,4,1
29,0,15001,5,1
29,0,134751,6,1
29,0,3597233,7,1
29,0,813786,8,1
29,0,111035,9,1
29,0,404141,10,1
29,0,28233,11,1
30,0,4614384,0,1
30,0,3349570,1,1
30,0,708906,2,1
30,0,65665,3,1
30,0,351128,4,1
30,0,14343,5,1
30,0,124772,6,1
30,0,3458261,7,1
30,0,760939,8,1
30,0,104711,9,1
30,0,400859,10,1
30,0,26698,11,1
31,0,4502311,0,1
31,0,3298285,1,1
31,0,665183,2,1
31,0,64225,3,1
31,0,342348,4,1
31,0,14231,5,1
31,0,118039,6,1
31,0,3400948,7,1
31,0,713512,8,1
31,0,101263,9,1
31,0,390006,10,1
31,0,26266,11,1
32,0,4421505,0,1
32,0,3258522,1,1
32,0,638376,2,1
32,0,62035,3,1
32,0,336251,4,1
32,0,14039,5,1
32,0,112282,6,1
32,0,3356235,7,1
32,0,684066,8,1
32,0,98244,9,1
32,0,381312,10,1
32,0,25276,11,1
33,0,4432973,0,1
33,0,3284650,1,1
33,0,626458,2,1
33,0,61845,3,1
33,0,337549,4,1
33,0,14240,5,1
33,0,108231,6,1
33,0,3378455,7,1
33,0,669475,8,1
33,0,97432,9,1
33,0,381074,10,1
33,0,25517,11,1
34,0,4460132,0,1
34,0,3314473,1,1
34,0,622997,2,1
34,0,61250,3,1
34,0,341524,4,1
34,0,14105,5,1
34,0,105783,6,1
34,0,3406205,7,1
34,0,663979,8,1
34,0,96718,9,1
34,0,384396,10,1
34,0,25268,11,1
35,0,4315866,0,1
35,0,3209001,1,1
35,0,594751,2,1
35,0,59711,3,1
35,0,337504,4,1
35,0,13592,5,1
35,0,101307,6,1
35,0,3296675,7,1
35,0,633237,8,1
35,0,94300,9,1
35,0,378995,10,1
35,0,24417,11,1
36,0,4372444,0,1
36,0,3259271,1,1
36,0,600900,2,1
36,0,60629,3,1
36,0,335987,4,1
36,0,13882,5,1
36,0,101775,6,1
36,0,3347202,7,1
36,0,639328,8,1
36,0,95846,9,1
36,0,377340,10,1
36,0,24835,11,1
37,0,4361286,0,1
37,0,3257226,1,1
37,0,599182,2,1
37,0,59276,3,1
37,0,332822,4,1
37,0,13820,5,1
37,0,98960,6,1
37,0,3342599,7,1
37,0,636666,8,1
37,0,94281,9,1
37,0,372432,10,1
37,0,24549,11,1
38,0,4305576,0,1
38,0,3225801,1,1
38,0,593209,2,1
38,0,58302,3,1
38,0,318130,4,1
38,0,13153,5,1
38,0,96981,6,1
38,0,3309348,7,1
38,0,630085,8,1
38,0,92794,9,1
38,0,356643,10,1
38,0,23680,11,1
39,0,4382349,0,1
39,0,3275823,1,1
39,0,615878,2,1
39,0,59571,3,1
39,0,321147,4,1
39,0,13516,5,1
39,0,96414,6,1
39,0,3358908,7,1
39,0,652425,8,1
39,0,94639,9,1
39,0,359076,10,1
39,0,24080,11,1
40,0,4105313,0,1
40,0,3072460,1,1
40,0,572637,2,1
40,0,54813,3,1
40,0,304391,4,1
40,0,12066,5,1
40,0,88946,6,1
40,0,3148954,7,1
40,0,605992,8,1
40,0,87292,9,1
40,0,339466,10,1
40,0,21796,11,1
41,0,4020254,0,1
41,0,3023120,1,1
41,0,551513,2,1
41,0,53848,3,1
41,0,294682,4,1
41,0,11518,5,1
41,0,85573,6,1
41,0,3096415,7,1
41,0,583243,8,1
41,0,85658,9,1
41,0,328587,10,1
41,0,20561,11,1
42,0,3974741,0,1
42,0,2990232,1,1
42,0,543614,2,1
42,0,53533,3,1
42,0,293480,4,1
42,0,11394,5,1
42,0,82488,6,1
42,0,3060881,7,1
42,0,573886,8,1
42,0,84781,9,1
42,0,325948,10,1
42,0,20352,11,1
43,0,3854040,0,1
43,0,2898231,1,1
43,0,522607,2,1
43,0,51596,3,1
43,0,292844,4,1
43,0,10651,5,1
43,0,78111,6,1
43,0,2965077,7,1
43,0,550701,8,1
43,0,81562,9,1
43,0,323811,10,1
43,0,19112,11,1
44,0,3967275,0,1
44,0,2992810,1,1
44,0,535884,2,1
44,0,52102,3,1
44,0,300706,4,1
44,0,10722,5,1
44,0,75051,6,1
44,0,3056639,7,1
44,0,562443,8,1
44,0,81311,9,1
44,0,330590,10,1
44,0,18808,11,1
45,0,3837909,0,1
45,0,2896272,1,1
45,0,516008,2,1
45,0,50383,3,1
45,0,293665,4,1
45,0,10064,5,1
45,0,71517,6,1
45,0,2956878,7,1
45,0,541191,8,1
45,0,78578,9,1
45,0,322117,10,1
45,0,17881,11,1
46,0,3889372,0,1
46,0,2934769,1,1
46,0,529872,2,1
46,0,50328,3,1
46,0,293803,4,1
46,0,9948,5,1
46,0,70652,6,1
46,0,2994514,7,1
46,0,554249,8,1
46,0,78655,9,1
46,0,322012,10,1
46,0,17594,11,1
47,0,4058038,0,1
47,0,3088628,1,1
47,0,546796,2,1
47,0,50770,3,1
47,0,291522,4,1
47,0,9865,5,1
47,0,70457,6,1
47,0,3148034,7,1
47,0,570591,8,1
47,0,79997,9,1
47,0,319178,10,1
47,0,17577,11,1
48,0,4282657,0,1
48,0,3296376,1,1
48,0,568153,2,1
48,0,51911,3,1
48,0,284068,4,1
48,0,9959,5,1
48,0,72190,6,1
48,0,3357341,7,1
48,0,592297,8,1
48,0,82517,9,1
48,0,311850,10,1
48,0,18130,11,1
49,0,4329775,0,1
49,0,3345762,1,1
49,0,567307,2,1
49,0,51731,3,1
49,0,284398,4,1
49,0,10232,5,1
49,0,70345,6,1
49,0,3404896,7,1
49,0,590599,8,1
49,0,82116,9,1
49,0,311218,10,1
49,0,18428,11,1
50,0,4096572,0,1
50,0,3181922,1,1
50,0,524917,2,1
50,0,48898,3,1
50,0,266711,4,1
50,0,9417,5,1
50,0,64707,6,1
50,0,3236417,7,1
50,0,545522,8,1
50,0,77836,9,1
50,0,291144,10,1
50,0,16743,11,1
51,0,4004343,0,1
51,0,3106786,1,1
51,0,526113,2,1
51,0,47597,3,1
51,0,253582,4,1
51,0,9146,5,1
51,0,61119,6,1
51,0,3157812,7,1
51,0,545498,8,1
51,0,75463,9,1
51,0,276454,10,1
51,0,16353,11,1
52,0,4001782,0,1
52,0,3129702,1,1
52,0,522566,2,1
52,0,46868,3,1
52,0,234476,4,1
52,0,9109,5,1
52,0,59061,6,1
52,0,3179036,7,1
52,0,541424,8,1
52,0,74458,9,1
52,0,255816,10,1
52,0,16081,11,1
53,0,4068851,0,1
53,0,3177025,1,1
53,0,540118,2,1
53,0,47608,3,1
53,0,236625,4,1
53,0,8942,5,1
53,0,58533,6,1
53,0,3225576,7,1
53,0,558496,8,1
53,0,75744,9,1
53,0,257508,10,1
53,0,15960,11,1
54,0,4305603,0,1
54,0,3381348,1,1
54,0,564796,2,1
54,0,49681,3,1
54,0,240008,4,1
54,0,9438,5,1
54,0,60332,6,1
54,0,3431434,7,1
54,0,583359,8,1
54,0,79180,9,1
54,0,261268,10,1
54,0,16695,11,1
55,0,4374565,0,1
55,0,3455936,1,1
55,0,558494,2,1
55,0,49365,3,1
55,0,241746,4,1
55,0,8987,5,1
55,0,60037,6,1
55,0,3505698,7,1
55,0,576320,8,1
55,0,79561,9,1
55,0,262774,10,1
55,0,16262,11,1
56,0,4361016,0,1
56,0,3456208,1,1
56,0,548275,2,1
56,0,48350,3,1
56,0,240386,4,1
56,0,8669,5,1
56,0,59128,6,1
56,0,3505104,7,1
56,0,565691,8,1
56,0,78370,9,1
56,0,260884,10,1
56,0,15694,11,1
57,0,4342385,0,1
57,0,3468693,1,1
57,0,539392,2,1
57,0,47479,3,1
57,0,220027,4,1
57,0,8715,5,1
57,0,58079,6,1
57,0,3516760,7,1
57,0,556308,8,1
57,0,77404,9,1
57,0,239996,10,1
57,0,15735,11,1
58,0,4385570,0,1
58,0,3519444,1,1
58,0,538454,2,1
58,0,46753,3,1
58,0,215470,4,1
58,0,8341,5,1
58,0,57108,6,1
58,0,3566627,7,1
58,0,554698,8,1
58,0,76824,9,1
58,0,234992,10,1
58,0,15150,11,1
59,0,4413855,0,1
59,0,3526915,1,1
59,0,549076,2,1
59,0,47186,3,1
59,0,225401,4,1
59,0,8388,5,1
59,0,56889,6,1
59,0,3573908,7,1
59,0,565367,8,1
59,0,77092,9,1
59,0,244777,10,1
59,0,15159,11,1
60,0,4252663,0,1
60,0,3417786,1,1
60,0,520194,2,1
60,0,43719,3,1
60,0,210055,4,1
60,0,7719,5,1
60,0,53190,6,1
60,0,3461806,7,1
60,0,535050,8,1
60,0,72422,9,1
60,0,227909,10,1
60,0,13781,11,1
61,0,4215172,0,1
61,0,3402747,1,1
61,0,501311,2,1
61,0,42130,3,1
61,0,210012,4,1
61,0,7402,5,1
61,0,51570,6,1
61,0,3445289,7,1
61,0,515799,8,1
61,0,70194,9,1
61,0,227157,10,1
61,0,13233,11,1
62,0,4156645,0,1
62,0,3362894,1,1
62,0,492720,2,1
62,0,41134,3,1
62,0,203015,4,1
62,0,7115,5,1
62,0,49767,6,1
62,0,3403957,7,1
62,0,506677,8,1
62,0,68960,9,1
62,0,218910,10,1
62,0,12779,11,1
63,0,3996088,0,1
63,0,3233532,1,1
63,0,468620,2,1
63,0,39035,3,1
63,0,200750,4,1
63,0,6660,5,1
63,0,47491,6,1
63,0,3272746,7,1
63,0,481830,8,1
63,0,65500,9,1
63,0,215993,10,1
63,0,12039,11,1
64,0,3950578,0,1
64,0,3208906,1,1
64,0,453339,2,1
64,0,37320,3,1
64,0,199186,4,1
64,0,6402,5,1
64,0,45425,6,1
64,0,3246194,7,1
64,0,465962,8,1
64,0,62721,9,1
64,0,213799,10,1
64,0,11660,11,1
65,0,3774597,0,1
65,0,3084823,1,1
65,0,421251,2,1
65,0,34408,3,1
65,0,186359,4,1
65,0,5910,5,1
65,0,41846,6,1
65,0,3119322,7,1
65,0,432762,8,1
65,0,58506,9,1
65,0,199280,10,1
65,0,10603,11,1
66,0,3618069,0,1
66,0,2972416,1,1
66,0,390574,2,1
66,0,32038,3,1
66,0,178209,4,1
66,0,5568,5,1
66,0,39264,6,1
66,0,3004814,7,1
66,0,401103,8,1
66,0,54690,9,1
66,0,190457,10,1
66,0,10014,11,1
67,0,3464437,0,1
67,0,2858547,1,1
67,0,366432,2,1
67,0,29584,3,1
67,0,168611,4,1
67,0,5284,5,1
67,0,35979,6,1
67,0,2888208,7,1
67,0,376078,8,1
67,0,50758,9,1
67,0,179483,10,1
67,0,9461,11,1
68,0,3345475,0,1
68,0,2757191,1,1
68,0,359121,2,1
68,0,28470,3,1
68,0,161595,4,1
68,0,4855,5,1
68,0,34243,6,1
68,0,2785379,7,1
68,0,368484,8,1
68,0,48872,9,1
68,0,171660,10,1
68,0,8763,11,1
69,0,3252423,0,1
69,0,2673299,1,1
69,0,345956,2,1
69,0,27385,3,1
69,0,167821,4,1
69,0,4899,5,1
69,0,33063,6,1
69,0,2700392,7,1
69,0,354995,8,1
69,0,46987,9,1
69,0,177718,10,1
69,0,8757,11,1
70,0,3136704,0,1
70,0,2605100,1,1
70,0,317412,2,1
70,0,25507,3,1
70,0,153319,4,1
70,0,4679,5,1
70,0,30687,6,1
70,0,2630464,7,1
70,0,325542,8,1
70,0,44013,9,1
70,0,162193,10,1
70,0,8189,11,1
71,0,3083083,0,1
71,0,2583410,1,1
71,0,298122,2,1
71,0,23892,3,1
71,0,144119,4,1
71,0,4229,5,1
71,0,29311,6,1
71,0,2607738,7,1
71,0,305816,8,1
71,0,41637,9,1
71,0,152471,10,1
71,0,7571,11,1
72,0,3191048,0,1
72,0,2721442,1,1
72,0,279261,2,1
72,0,23496,3,1
72,0,133806,4,1
72,0,3828,5,1
72,0,29215,6,1
72,0,2745893,7,1
72,0,286804,8,1
72,0,41727,9,1
72,0,141703,10,1
72,0,7037,11,1
73,0,2334433,0,1
73,0,1955488,1,1
73,0,221629,2,1
73,0,18134,3,1
73,0,113420,4,1
73,0,3446,5,1
73,0,22316,6,1
73,0,1974055,7,1
73,0,227384,8,1
73,0,31325,9,1
73,0,120030,10,1
73,0,6121,11,1
74,0,2283164,0,1
74,0,1916207,1,1
74,0,216514,2,1
74,0,17293,3,1
74,0,108589,4,1
74,0,3103,5,1
74,0,21458,6,1
74,0,1934085,7,1
74,0,221998,8,1
74,0,30065,9,1
74,0,114805,10,1
74,0,5754,11,1
75,0,2198286,0,1
75,0,1861437,1,1
75,0,198818,2,1
75,0,15971,3,1
75,0,99380,4,1
75,0,2791,5,1
75,0,19889,6,1
75,0,1878019,7,1
75,0,203903,8,1
75,0,27971,9,1
75,0,104990,10,1
75,0,5236,11,1
76,0,2222392,0,1
76,0,1902865,1,1
76,0,191829,2,1
76,0,14925,3,1
76,0,91252,4,1
76,0,2483,5,1
76,0,19038,6,1
76,0,1918854,7,1
76,0,196635,8,1
76,0,26654,9,1
76,0,96379,10,1
76,0,4708,11,1
77,0,1911261,0,1
77,0,1623766,1,1
77,0,168940,2,1
77,0,13164,3,1
77,0,86626,4,1
77,0,2223,5,1
77,0,16542,6,1
77,0,1637565,7,1
77,0,173079,8,1
77,0,23309,9,1
77,0,91237,10,1
77,0,4110,11,1
78,0,1720817,0,1
78,0,1457228,1,1
78,0,155369,2,1
78,0,11971,3,1
78,0,79206,4,1
78,0,1997,5,1
78,0,15046,6,1
78,0,1469803,7,1
78,0,159128,8,1
78,0,21081,9,1
78,0,83529,10,1
78,0,3799,11,1
79,0,1599909,0,1
79,0,1349718,1,1
79,0,146946,2,1
79,0,11244,3,1
79,0,75952,4,1
79,0,1996,5,1
79,0,14053,6,1
79,0,1361449,7,1
79,0,150505,8,1
79,0,19612,9,1
79,0,80051,10,1
79,0,3643,11,1
80,0,1475278,0,1
80,0,1253964,1,1
80,0,129854,2,1
80,0,9728,3,1
80,0,67573,4,1
80,0,1735,5,1
80,0,12424,6,1
80,0,1264384,7,1
80,0,132935,8,1
80,0,17133,9,1
80,0,71194,10,1
80,0,3239,11,1
81,0,1381641,0,1
81,0,1175730,1,1
81,0,120924,2,1
81,0,9130,3,1
81,0,62871,4,1
81,0,1586,5,1
81,0,11400,6,1
81,0,1185261,7,1
81,0,123827,8,1
81,0,15843,9,1
81,0,66204,10,1
81,0,2914,11,1
82,0,1241341,0,1
82,0,1055454,1,1
82,0,109028,2,1
82,0,7974,3,1
82,0,57133,4,1
82,0,1438,5,1
82,0,10314,6,1
82,0,1064179,7,1
82,0,111615,8,1
82,0,13974,9,1
82,0,60214,10,1
82,0,2644,11,1
83,0,1151190,0,1
83,0,978924,1,1
83,0,102267,2,1
83,0,7313,3,1
83,0,52144,4,1
83,0,1240,5,1
83,0,9302,6,1
83,0,986681,7,1
83,0,104645,8,1
83,0,12746,9,1
83,0,54913,10,1
83,0,2320,11,1
84,0,1067757,0,1
84,0,910844,1,1
84,0,93158,2,1
84,0,6667,3,1
84,0,47409,4,1
84,0,1136,5,1
84,0,8543,6,1
84,0,917977,7,1
84,0,95268,8,1
84,0,11618,9,1
84,0,49957,10,1
84,0,2187,11,1
85,0,922467,0,1
85,0,786506,1,1
85,0,80566,2,1
85,0,5500,3,1
85,0,41434,4,1
85,0,1028,5,1
85,0,7433,6,1
85,0,792798,7,1
85,0,82428,8,1
85,0,9723,9,1
85,0,43756,10,1
85,0,1906,11,1
86,0,856646,0,1
86,0,732666,1,1
86,0,72953,2,1
86,0,5048,3,1
86,0,38480,4,1
86,0,876,5,1
86,0,6623,6,1
86,0,738241,7,1
86,0,74593,8,1
86,0,8816,9,1
86,0,40528,10,1
86,0,1688,11,1
87,0,778923,0,1
87,0,670820,1,1
87,0,63323,2,1
87,0,4393,3,1
87,0,33639,4,1
87,0,776,5,1
87,0,5972,6,1
87,0,675865,7,1
87,0,64833,8,1
87,0,7767,9,1
87,0,35440,10,1
87,0,1528,11,1
88,0,703078,0,1
88,0,608569,1,1
88,0,54783,2,1
88,0,3742,3,1
88,0,30076,4,1
88,0,694,5,1
88,0,5214,6,1
88,0,612954,7,1
88,0,56121,8,1
88,0,6699,9,1
88,0,31676,10,1
88,0,1329,11,1
89,0,635982,0,1
89,0,549271,1,1
89,0,50053,2,1
89,0,3480,3,1
89,0,27848,4,1
89,0,642,5,1
89,0,4688,6,1
89,0,553215,7,1
89,0,51239,8,1
89,0,6155,9,1
89,0,29264,10,1
89,0,1204,11,1
90,0,536447,0,1
90,0,464986,1,1
90,0,41407,2,1
90,0,2666,3,1
90,0,22911,4,1
90,0,532,5,1
90,0,3945,6,1
90,0,468281,7,1
90,0,42443,8,1
90,0,4953,9,1
90,0,24049,10,1
90,0,1021,11,1
91,0,467172,0,1
91,0,406066,1,1
91,0,35220,2,1
91,0,2342,3,1
91,0,19729,4,1
91,0,408,5,1
91,0,3407,6,1
91,0,408924,7,1
91,0,36074,8,1
91,0,4263,9,1
91,0,20763,10,1
91,0,861,11,1
92,0,394067,0,1
92,0,342383,1,1
92,0,29761,2,1
92,0,1967,3,1
92,0,16766,4,1
92,0,324,5,1
92,0,2866,6,1
92,0,344809,7,1
92,0,30503,8,1
92,0,3606,9,1
92,0,17602,10,1
92,0,661,11,1
93,0,320785,0,1
93,0,278123,1,1
93,0,24563,2,1
93,0,1545,3,1
93,0,13930,4,1
93,0,287,5,1
93,0,2337,6,1
93,0,280083,7,1
93,0,25191,8,1
93,0,2868,9,1
93,0,14604,10,1
93,0,572,11,1
94,0,264277,0,1
94,0,229002,1,1
94,0,19963,2,1
94,0,1274,3,1
94,0,11808,4,1
94,0,234,5,1
94,0,1996,6,1
94,0,230674,7,1
94,0,20543,8,1
94,0,2429,9,1
94,0,12342,10,1
94,0,454,11,1
95,0,207086,0,1
95,0,179636,1,1
95,0,15349,2,1
95,0,974,3,1
95,0,9485,4,1
95,0,189,5,1
95,0,1453,6,1
95,0,180866,7,1
95,0,15753,8,1
95,0,1802,9,1
95,0,9910,10,1
95,0,359,11,1
96,0,157463,0,1
96,0,135879,1,1
96,0,11942,2,1
96,0,729,3,1
96,0,7610,4,1
96,0,134,5,1
96,0,1169,6,1
96,0,136840,7,1
96,0,12272,8,1
96,0,1391,9,1
96,0,7947,10,1
96,0,287,11,1
97,0,116969,0,1
97,0,100809,1,1
97,0,8871,2,1
97,0,533,3,1
97,0,5745,4,1
97,0,116,5,1
97,0,895,6,1
97,0,101552,7,1
97,0,9141,8,1
97,0,1030,9,1
97,0,6005,10,1
97,0,235,11,1
98,0,86150,0,1
98,0,74125,1,1
98,0,6487,2,1
98,0,399,3,1
98,0,4369,4,1
98,0,83,5,1
98,0,687,6,1
98,0,74691,7,1
98,0,6698,8,1
98,0,784,9,1
98,0,4566,10,1
98,0,175,11,1
99,0,57124,0,1
99,0,48261,1,1
99,0,4778,2,1
99,0,269,3,1
99,0,3288,4,1
99,0,58,5,1
99,0,470,6,1
99,0,48637,7,1
99,0,4932,8,1
99,0,527,9,1
99,0,3425,10,1
99,0,127,11,1
100,0,100322,0,1
100,0,82753,1,1
100,0,9101,2,1
100,0,520,3,1
100,0,6958,4,1
100,0,124,5,1
100,0,866,6,1
100,0,83449,7,1
100,0,9410,8,1
100,0,991,9,1
100,0,7194,10,1
100,0,249,11,1
999,0,328239523,0,1
999,0,250522190,1,1
999,0,44075086,2,1
999,0,4188092,3,1
999,0,19504862,4,1
999,0,806937,5,1
999,0,9142356,6,1
999,0,258646488,7,1
999,0,48221139,8,1
999,0,6945552,9,1
999,0,22861985,10,1
999,0,1612424,11,1
0,1,1935117,0,1
0,1,1393789,1,1
0,1,290934,2,1
0,1,31183,3,1
0,1,95541,4,1
0,1,5698,5,1
0,1,117972,6,1
0,1,1502546,7,1
0,1,355018,8,1
0,1,54572,9,1
0,1,138643,10,1
0,1,13954,11,1
1,1,1958585,0,1
1,1,1411377,1,1
1,1,293048,2,1
1,1,31406,3,1
1,1,99656,4,1
1,1,5797,5,1
1,1,117301,6,1
1,1,1519419,7,1
1,1,356256,8,1
1,1,54893,9,1
1,1,142829,10,1
1,1,14062,11,1
2,1,2005544,0,1
2,1,1443191,1,1
2,1,299866,2,1
2,1,32077,3,1
2,1,104586,4,1
2,1,5947,5,1
2,1,119877,6,1
2,1,1553580,7,1
2,1,364394,8,1
2,1,56036,9,1
2,1,148804,10,1
2,1,14406,11,1
3,1,2043010,0,1
3,1,1468484,1,1
3,1,305759,2,1
3,1,32643,3,1
3,1,108252,4,1
3,1,6079,5,1
3,1,121793,6,1
3,1,1580587,7,1
3,1,371319,8,1
3,1,56991,9,1
3,1,153228,10,1
3,1,14667,11,1
4,1,2066951,0,1
4,1,1481576,1,1
4,1,309750,2,1
4,1,32793,3,1
4,1,113827,4,1
4,1,6150,5,1
4,1,122855,6,1
4,1,1594632,7,1
4,1,375802,8,1
4,1,57340,9,1
4,1,159262,10,1
4,1,14846,11,1
5,1,2061200,0,1
5,1,1480503,1,1
5,1,309404,2,1
5,1,33119,3,1
5,1,110841,4,1
5,1,5932,5,1
5,1,121401,6,1
5,1,1592228,7,1
5,1,374191,8,1
5,1,57573,9,1
5,1,155988,10,1
5,1,14679,11,1
6,1,2052956,0,1
6,1,1472810,1,1
6,1,308033,2,1
6,1,32894,3,1
6,1,113227,4,1
6,1,5962,5,1
6,1,120030,6,1
6,1,1583141,7,1
6,1,371662,8,1
6,1,57157,9,1
6,1,158244,10,1
6,1,14801,11,1
7,1,2055735,0,1
7,1,1480909,1,1
7,1,308674,2,1
7,1,33551,3,1
7,1,108604,4,1
7,1,5738,5,1
7,1,118259,6,1
7,1,1589585,7,1
7,1,371587,8,1
7,1,57866,9,1
7,1,152473,10,1
7,1,14348,11,1
8,1,2079723,0,1
8,1,1506451,1,1
8,1,310357,2,1
8,1,32464,3,1
8,1,106336,4,1
8,1,5703,5,1
8,1,118412,6,1
8,1,1615341,7,1
8,1,373230,8,1
8,1,57075,9,1
8,1,150038,10,1
8,1,14393,11,1
9,1,2073148,0,1
9,1,1492003,1,1
9,1,310984,2,1
9,1,32944,3,1
9,1,111378,4,1
9,1,6026,5,1
9,1,119813,6,1
9,1,1602333,7,1
9,1,375099,8,1
9,1,57462,9,1
9,1,155395,10,1
9,1,14607,11,1
10,1,2071778,0,1
10,1,1490759,1,1
10,1,313808,2,1
10,1,33000,3,1
10,1,110831,4,1
10,1,6189,5,1
10,1,117191,6,1
10,1,1598313,7,1
10,1,376796,8,1
10,1,56998,9,1
10,1,153666,10,1
10,1,14512,11,1
11,1,2138037,0,1
11,1,1541354,1,1
11,1,323720,2,1
11,1,34341,3,1
11,1,114789,4,1
11,1,6435,5,1
11,1,117398,6,1
11,1,1649024,7,1
11,1,386755,8,1
11,1,58287,9,1
11,1,157654,10,1
11,1,15022,11,1
12,1,2149819,0,1
12,1,1556594,1,1
12,1,324742,2,1
12,1,34912,3,1
12,1,113374,4,1
12,1,6380,5,1
12,1,113817,6,1
12,1,1661010,7,1
12,1,385601,8,1
12,1,58552,9,1
12,1,154945,10,1
12,1,14689,11,1
13,1,2132987,0,1
13,1,1555151,1,1
13,1,315879,2,1
13,1,34185,3,1
13,1,112172,4,1
13,1,6269,5,1
13,1,109331,6,1
13,1,1655371,7,1
13,1,373480,8,1
13,1,57361,9,1
13,1,152471,10,1
13,1,14240,11,1
14,1,2125640,0,1
14,1,1555244,1,1
14,1,312277,2,1
14,1,33799,3,1
14,1,113334,4,1
14,1,6270,5,1
14,1,104716,6,1
14,1,1651026,7,1
14,1,366762,8,1
14,1,56646,9,1
14,1,152147,10,1
14,1,13890,11,1
15,1,2129720,0,1
15,1,1565525,1,1
15,1,309995,2,1
15,1,32992,3,1
15,1,114019,4,1
15,1,6098,5,1
15,1,101091,6,1
15,1,1657985,7,1
15,1,361874,8,1
15,1,55363,9,1
15,1,151701,10,1
15,1,13552,11,1
16,1,2116165,0,1
16,1,1558175,1,1
16,1,308407,2,1
16,1,32746,3,1
16,1,114373,4,1
16,1,6074,5,1
16,1,96390,6,1
16,1,1646067,7,1
16,1,357661,8,1
16,1,54734,9,1
16,1,150058,10,1
16,1,13386,11,1
17,1,2112553,0,1
17,1,1555156,1,1
17,1,314282,2,1
17,1,32631,3,1
17,1,111866,4,1
17,1,5881,5,1
17,1,92737,6,1
17,1,1639692,7,1
17,1,361498,8,1
17,1,54365,9,1
17,1,145900,10,1
17,1,12877,11,1
18,1,2172385,0,1
18,1,1594641,1,1
18,1,326121,2,1
18,1,32873,3,1
18,1,119279,4,1
18,1,5885,5,1
18,1,93586,6,1
18,1,1679679,7,1
18,1,373536,8,1
18,1,55264,9,1
18,1,153693,10,1
18,1,12999,11,1
19,1,2214784,0,1
19,1,1624910,1,1
19,1,336758,2,1
19,1,33918,3,1
19,1,120847,4,1
19,1,6127,5,1
19,1,92224,6,1
19,1,1708791,7,1
19,1,383272,8,1
19,1,56810,9,1
19,1,154106,10,1
19,1,13130,11,1
20,1,2183139,0,1
20,1,1605868,1,1
20,1,329229,2,1
20,1,32851,3,1
20,1,119368,4,1
20,1,6023,5,1
20,1,89800,6,1
20,1,1687349,7,1
20,1,374142,8,1
20,1,55359,9,1
20,1,151802,10,1
20,1,13197,11,1
21,1,2187086,0,1
21,1,1605637,1,1
21,1,331443,2,1
21,1,32903,3,1
21,1,124229,4,1
21,1,6019,5,1
21,1,86855,6,1
21,1,1684184,7,1
21,1,374541,8,1
21,1,55203,9,1
21,1,155398,10,1
21,1,12817,11,1
22,1,2195296,0,1
22,1,1610257,1,1
22,1,330789,2,1
22,1,32758,3,1
22,1,131243,4,1
22,1,6028,5,1
22,1,84221,6,1
22,1,1686443,7,1
22,1,371847,8,1
22,1,55080,9,1
22,1,161694,10,1
22,1,12690,11,1
23,1,2221758,0,1
23,1,1629502,1,1
23,1,331323,2,1
23,1,32865,3,1
23,1,139033,4,1
23,1,6217,5,1
23,1,82818,6,1
23,1,1704289,7,1
23,1,371047,8,1
23,1,55465,9,1
23,1,169037,10,1
23,1,12838,11,1
24,1,2277473,0,1
24,1,1662221,1,1
24,1,349538,2,1
24,1,33466,3,1
24,1,144401,4,1
24,1,6481,5,1
24,1,81366,6,1
24,1,1735194,7,1
24,1,388006,8,1
24,1,56498,9,1
24,1,173916,10,1
24,1,13299,11,1
25,1,2325853,0,1
25,1,1689917,1,1
25,1,365910,2,1
25,1,34089,3,1
25,1,150314,4,1
25,1,6519,5,1
25,1,79104,6,1
25,1,1760457,7,1
25,1,402332,8,1
25,1,57245,9,1
25,1,179372,10,1
25,1,13505,11,1
26,1,2365886,0,1
26,1,1715219,1,1
26,1,378057,2,1
26,1,35454,3,1
26,1,154457,4,1
26,1,6763,5,1
26,1,75936,6,1
26,1,1782723,7,1
26,1,412246,8,1
26,1,58348,9,1
26,1,182635,10,1
26,1,13504,11,1
27,1,2421270,0,1
27,1,1757078,1,1
27,1,384226,2,1
27,1,36902,3,1
27,1,161484,4,1
27,1,7047,5,1
27,1,74533,6,1
27,1,1822888,7,1
27,1,416416,8,1
27,1,60156,9,1
27,1,189648,10,1
27,1,13954,11,1
28,1,2451756,0,1
28,1,1780993,1,1
28,1,385755,2,1
28,1,36876,3,1
28,1,169446,4,1
28,1,7732,5,1
28,1,70954,6,1
28,1,1842722,7,1
28,1,415676,8,1
28,1,59036,9,1
28,1,197477,10,1
28,1,14828,11,1
29,1,2439805,0,1
29,1,1780308,1,1
29,1,377035,2,1
29,1,36221,3,1
29,1,172250,4,1
29,1,7888,5,1
29,1,66103,6,1
29,1,1837981,7,1
29,1,404140,8,1
29,1,56820,9,1
29,1,198879,10,1
29,1,14529,11,1
30,1,2340865,0,1
30,1,1715675,1,1
30,1,351044,2,1
30,1,34589,3,1
30,1,170930,4,1
30,1,7581,5,1
30,1,61046,6,1
30,1,1768885,7,1
30,1,375644,8,1
30,1,54055,9,1
30,1,195429,10,1
30,1,13699,11,1
31,1,2281327,0,1
31,1,1687897,1,1
31,1,328258,2,1
31,1,33834,3,1
31,1,166176,4,1
31,1,7496,5,1
31,1,57666,6,1
31,1,1737950,7,1
31,1,350838,8,1
31,1,52153,9,1
31,1,189881,10,1
31,1,13553,11,1
32,1,2239886,0,1
32,1,1669232,1,1
32,1,313537,2,1
32,1,32668,3,1
32,1,163013,4,1
32,1,7385,5,1
32,1,54051,6,1
32,1,1716185,7,1
32,1,334664,8,1
32,1,50276,9,1
32,1,185080,10,1
32,1,12952,11,1
33,1,2243280,0,1
33,1,1681263,1,1
33,1,306040,2,1
33,1,32448,3,1
33,1,163475,4,1
33,1,7499,5,1
33,1,52555,6,1
33,1,1726842,7,1
33,1,326014,8,1
33,1,49822,9,1
33,1,184967,10,1
33,1,13149,11,1
34,1,2249252,0,1
34,1,1692253,1,1
34,1,303038,2,1
34,1,31820,3,1
34,1,163993,4,1
34,1,7401,5,1
34,1,50747,6,1
34,1,1736233,7,1
34,1,321948,8,1
34,1,48985,9,1
34,1,184763,10,1
34,1,12934,11,1
35,1,2167622,0,1
35,1,1632509,1,1
35,1,286841,2,1
35,1,31014,3,1
35,1,161825,4,1
35,1,7089,5,1
35,1,48344,6,1
35,1,1674318,7,1
35,1,304677,8,1
35,1,47613,9,1
35,1,181751,10,1
35,1,12344,11,1
36,1,2191368,0,1
36,1,1655730,1,1
36,1,288508,2,1
36,1,31433,3,1
36,1,159830,4,1
36,1,7175,5,1
36,1,48692,6,1
36,1,1697868,7,1
36,1,306322,8,1
36,1,48242,9,1
36,1,179771,10,1
36,1,12511,11,1
37,1,2181162,0,1
37,1,1651994,1,1
37,1,286315,2,1
37,1,30833,3,1
37,1,157559,4,1
37,1,7209,5,1
37,1,47252,6,1
37,1,1692846,7,1
37,1,303492,8,1
37,1,47625,9,1
37,1,176627,10,1
37,1,12455,11,1
38,1,2149359,0,1
38,1,1634417,1,1
38,1,282416,2,1
38,1,29900,3,1
38,1,149253,4,1
38,1,6974,5,1
38,1,46399,6,1
38,1,1674309,7,1
38,1,299330,8,1
38,1,46523,9,1
38,1,167939,10,1
38,1,12147,11,1
39,1,2195430,0,1
39,1,1666367,1,1
39,1,294196,2,1
39,1,30878,3,1
39,1,150868,4,1
39,1,7095,5,1
39,1,46026,6,1
39,1,1706080,7,1
39,1,310914,8,1
39,1,47881,9,1
39,1,169094,10,1
39,1,12246,11,1
40,1,2046663,0,1
40,1,1556460,1,1
40,1,271037,2,1
40,1,28341,3,1
40,1,142220,4,1
40,1,6237,5,1
40,1,42368,6,1
40,1,1592930,7,1
40,1,286336,8,1
40,1,43922,9,1
40,1,159026,10,1
40,1,11034,11,1
41,1,2001502,0,1
41,1,1529690,1,1
41,1,260551,2,1
41,1,27510,3,1
41,1,137079,4,1
41,1,5987,5,1
41,1,40685,6,1
41,1,1564593,7,1
41,1,275020,8,1
41,1,42694,9,1
41,1,153353,10,1
41,1,10359,11,1
42,1,1972584,0,1
42,1,1508952,1,1
42,1,255437,2,1
42,1,27500,3,1
42,1,135807,4,1
42,1,5829,5,1
42,1,39059,6,1
42,1,1542553,7,1
42,1,269229,8,1
42,1,42367,9,1
42,1,151220,10,1
42,1,10130,11,1
43,1,1913289,0,1
43,1,1461409,1,1
43,1,245945,2,1
43,1,26518,3,1
43,1,136543,4,1
43,1,5418,5,1
43,1,37456,6,1
43,1,1493648,7,1
43,1,258779,8,1
43,1,40914,9,1
43,1,151478,10,1
43,1,9587,11,1
44,1,1973101,0,1
44,1,1511673,1,1
44,1,252483,2,1
44,1,26578,3,1
44,1,141132,4,1
44,1,5658,5,1
44,1,35577,6,1
44,1,1541960,7,1
44,1,264559,8,1
44,1,40575,9,1
44,1,155314,10,1
44,1,9647,11,1
45,1,1900492,0,1
45,1,1456566,1,1
45,1,241610,2,1
45,1,25794,3,1
45,1,137623,4,1
45,1,5114,5,1
45,1,33785,6,1
45,1,1485313,7,1
45,1,252980,8,1
45,1,39195,9,1
45,1,151126,10,1
45,1,8931,11,1
46,1,1919298,0,1
46,1,1470451,1,1
46,1,247639,2,1
46,1,25393,3,1
46,1,137277,4,1
46,1,5086,5,1
46,1,33452,6,1
46,1,1498808,7,1
46,1,258539,8,1
46,1,38880,9,1
46,1,150749,10,1
46,1,8838,11,1
47,1,2005221,0,1
47,1,1549093,1,1
47,1,255895,2,1
47,1,25853,3,1
47,1,136095,4,1
47,1,5034,5,1
47,1,33251,6,1
47,1,1577154,7,1
47,1,266544,8,1
47,1,39713,9,1
47,1,149260,10,1
47,1,8786,11,1
48,1,2114614,0,1
48,1,1652083,1,1
48,1,264679,2,1
48,1,26152,3,1
48,1,132617,4,1
48,1,5029,5,1
48,1,34054,6,1
48,1,1680915,7,1
48,1,275495,8,1
48,1,40682,9,1
48,1,145870,10,1
48,1,8972,11,1
49,1,2145730,0,1
49,1,1681194,1,1
49,1,266968,2,1
49,1,26222,3,1
49,1,132713,4,1
49,1,5172,5,1
49,1,33461,6,1
49,1,1709465,7,1
49,1,277516,8,1
49,1,40685,9,1
49,1,145469,10,1
49,1,9167,11,1
50,1,2025376,0,1
50,1,1594313,1,1
50,1,246322,2,1
50,1,24821,3,1
50,1,124404,4,1
50,1,4696,5,1
50,1,30820,6,1
50,1,1620410,7,1
50,1,255622,8,1
50,1,38608,9,1
50,1,136126,10,1
50,1,8253,11,1
51,1,1976883,0,1
51,1,1554984,1,1
51,1,246560,2,1
51,1,24087,3,1
51,1,117751,4,1
51,1,4559,5,1
51,1,28942,6,1
51,1,1579268,7,1
51,1,255269,8,1
51,1,37330,9,1
51,1,128687,10,1
51,1,7923,11,1
52,1,1968619,0,1
52,1,1560024,1,1
52,1,243656,2,1
52,1,23400,3,1
52,1,109085,4,1
52,1,4559,5,1
52,1,27895,6,1
52,1,1583452,7,1
52,1,251927,8,1
52,1,36496,9,1
52,1,119357,10,1
52,1,7901,11,1
53,1,2001325,0,1
53,1,1582646,1,1
53,1,252431,2,1
53,1,23837,3,1
53,1,110306,4,1
53,1,4441,5,1
53,1,27664,6,1
53,1,1605603,7,1
53,1,260676,8,1
53,1,37170,9,1
53,1,120247,10,1
53,1,7822,11,1
54,1,2114408,0,1
54,1,1680332,1,1
54,1,264238,2,1
54,1,24726,3,1
54,1,111953,4,1
54,1,4673,5,1
54,1,28486,6,1
54,1,1704098,7,1
54,1,272444,8,1
54,1,38672,9,1
54,1,122182,10,1
54,1,8147,11,1
55,1,2137586,0,1
55,1,1708998,1,1
55,1,259945,2,1
55,1,24425,3,1
55,1,111505,4,1
55,1,4375,5,1
55,1,28338,6,1
55,1,1732571,7,1
55,1,267956,8,1
55,1,38701,9,1
55,1,121522,10,1
55,1,7867,11,1
56,1,2125123,0,1
56,1,1703333,1,1
56,1,254600,2,1
56,1,23895,3,1
56,1,111315,4,1
56,1,4186,5,1
56,1,27794,6,1
56,1,1726477,7,1
56,1,262202,8,1
56,1,37941,9,1
56,1,121200,10,1
56,1,7517,11,1
57,1,2111795,0,1
57,1,1705963,1,1
57,1,249422,2,1
57,1,23222,3,1
57,1,101593,4,1
57,1,4275,5,1
57,1,27320,6,1
57,1,1728795,7,1
57,1,256730,8,1
57,1,37162,9,1
57,1,111265,10,1
57,1,7637,11,1
58,1,2125774,0,1
58,1,1725973,1,1
58,1,247776,2,1
58,1,22661,3,1
58,1,98178,4,1
58,1,4105,5,1
58,1,27081,6,1
58,1,1748530,7,1
58,1,254946,8,1
58,1,36773,9,1
58,1,107692,10,1
58,1,7356,11,1
59,1,2142211,0,1
59,1,1732042,1,1
59,1,253410,2,1
59,1,23024,3,1
59,1,102692,4,1
59,1,4132,5,1
59,1,26911,6,1
59,1,1754569,7,1
59,1,260418,8,1
59,1,37039,9,1
59,1,112167,10,1
59,1,7363,11,1
60,1,2052677,0,1
60,1,1669185,1,1
60,1,238362,2,1
60,1,21037,3,1
60,1,95091,4,1
60,1,3817,5,1
60,1,25185,6,1
60,1,1690152,7,1
60,1,244882,8,1
60,1,34454,9,1
60,1,103871,10,1
60,1,6707,11,1
61,1,2027951,0,1
61,1,1655455,1,1
61,1,229267,2,1
61,1,20159,3,1
61,1,95043,4,1
61,1,3588,5,1
61,1,24439,6,1
61,1,1675795,7,1
61,1,235593,8,1
61,1,33281,9,1
61,1,103457,10,1
61,1,6404,11,1
62,1,1991220,0,1
62,1,1630414,1,1
62,1,222710,2,1
62,1,19826,3,1
62,1,91294,4,1
62,1,3518,5,1
62,1,23458,6,1
62,1,1649871,7,1
62,1,228854,8,1
62,1,32689,9,1
62,1,99182,10,1
62,1,6187,11,1
63,1,1905842,0,1
63,1,1561497,1,1
63,1,210507,2,1
63,1,18523,3,1
63,1,89915,4,1
63,1,3192,5,1
63,1,22208,6,1
63,1,1580018,7,1
63,1,216210,8,1
63,1,30647,9,1
63,1,97310,10,1
63,1,5775,11,1
64,1,1879040,0,1
64,1,1545313,1,1
64,1,203017,2,1
64,1,17839,3,1
64,1,88453,4,1
64,1,3052,5,1
64,1,21366,6,1
64,1,1562976,7,1
64,1,208512,8,1
64,1,29729,9,1
64,1,95520,10,1
64,1,5555,11,1
65,1,1783428,0,1
65,1,1476331,1,1
65,1,185923,2,1
65,1,16251,3,1
65,1,82591,4,1
65,1,2789,5,1
65,1,19543,6,1
65,1,1492670,7,1
65,1,190856,8,1
65,1,27406,9,1
65,1,88866,10,1
65,1,4916,11,1
66,1,1703888,0,1
66,1,1417917,1,1
66,1,171107,2,1
66,1,15136,3,1
66,1,78851,4,1
66,1,2672,5,1
66,1,18205,6,1
66,1,1433066,7,1
66,1,175574,8,1
66,1,25504,9,1
66,1,84745,10,1
66,1,4726,11,1
67,1,1627863,0,1
67,1,1362039,1,1
67,1,158787,2,1
67,1,13781,3,1
67,1,73923,4,1
67,1,2523,5,1
67,1,16810,6,1
67,1,1375985,7,1
67,1,162973,8,1
67,1,23535,9,1
67,1,79224,10,1
67,1,4507,11,1
68,1,1564129,0,1
68,1,1308114,1,1
68,1,154475,2,1
68,1,13316,3,1
68,1,69993,4,1
68,1,2312,5,1
68,1,15919,6,1
68,1,1321351,7,1
68,1,158422,8,1
68,1,22724,9,1
68,1,74866,10,1
68,1,4136,11,1
69,1,1520465,0,1
69,1,1267594,1,1
69,1,148841,2,1
69,1,12923,3,1
69,1,73316,4,1
69,1,2364,5,1
69,1,15427,6,1
69,1,1280377,7,1
69,1,152696,8,1
69,1,22103,9,1
69,1,78012,10,1
69,1,4148,11,1
70,1,1462120,0,1
70,1,1231095,1,1
70,1,135479,2,1
70,1,12054,3,1
70,1,67079,4,1
70,1,2241,5,1
70,1,14172,6,1
70,1,1242887,7,1
70,1,138876,8,1
70,1,20540,9,1
70,1,71370,10,1
70,1,3902,11,1
71,1,1435378,0,1
71,1,1218609,1,1
71,1,126621,2,1
71,1,11205,3,1
71,1,63495,4,1
71,1,2000,5,1
71,1,13448,6,1
71,1,1229837,7,1
71,1,129890,8,1
71,1,19334,9,1
71,1,67435,10,1
71,1,3543,11,1
72,1,1483236,0,1
72,1,1280146,1,1
72,1,118067,2,1
72,1,11173,3,1
72,1,58548,4,1
72,1,1883,5,1
72,1,13419,6,1
72,1,1291427,7,1
72,1,121235,8,1
72,1,19540,9,1
72,1,62249,10,1
72,1,3409,11,1
73,1,1074771,0,1
73,1,912257,1,1
73,1,92272,2,1
73,1,8403,3,1
73,1,50017,4,1
73,1,1688,5,1
73,1,10134,6,1
73,1,920756,7,1
73,1,94694,8,1
73,1,14425,9,1
73,1,53059,10,1
73,1,2914,11,1
74,1,1044301,0,1
74,1,888172,1,1
74,1,89341,2,1
74,1,7935,3,1
74,1,47635,4,1
74,1,1447,5,1
74,1,9771,6,1
74,1,896372,7,1
74,1,91638,8,1
74,1,13799,9,1
74,1,50478,10,1
74,1,2694,11,1
75,1,998390,0,1
75,1,855694,1,1
75,1,81488,2,1
75,1,7298,3,1
75,1,43773,4,1
75,1,1344,5,1
75,1,8793,6,1
75,1,863087,7,1
75,1,83481,8,1
75,1,12585,9,1
75,1,46341,10,1
75,1,2456,11,1
76,1,1003690,0,1
76,1,869669,1,1
76,1,77111,2,1
76,1,6745,3,1
76,1,40610,4,1
76,1,1168,5,1
76,1,8387,6,1
76,1,876762,7,1
76,1,79022,8,1
76,1,11942,9,1
76,1,42900,10,1
76,1,2179,11,1
77,1,854930,0,1
77,1,735193,1,1
77,1,67506,2,1
77,1,5979,3,1
77,1,37863,4,1
77,1,1014,5,1
77,1,7375,6,1
77,1,741351,7,1
77,1,69222,8,1
77,1,10513,9,1
77,1,39971,10,1
77,1,1883,11,1
78,1,760170,0,1
78,1,651867,1,1
78,1,60642,2,1
78,1,5388,3,1
78,1,34740,4,1
78,1,956,5,1
78,1,6577,6,1
78,1,657411,7,1
78,1,62127,8,1
78,1,9381,9,1
78,1,36659,10,1
78,1,1752,11,1
79,1,701319,0,1
79,1,598715,1,1
79,1,56996,2,1
79,1,5047,3,1
79,1,33504,4,1
79,1,900,5,1
79,1,6157,6,1
79,1,603878,7,1
79,1,58401,8,1
79,1,8683,9,1
79,1,35403,10,1
79,1,1641,11,1
80,1,643638,0,1
80,1,553233,1,1
80,1,50168,2,1
80,1,4255,3,1
80,1,29901,4,1
80,1,743,5,1
80,1,5338,6,1
80,1,557749,7,1
80,1,51376,8,1
80,1,7438,9,1
80,1,31503,10,1
80,1,1384,11,1
81,1,593628,0,1
81,1,511212,1,1
81,1,45432,2,1
81,1,3901,3,1
81,1,27425,4,1
81,1,689,5,1
81,1,4969,6,1
81,1,515398,7,1
81,1,46575,8,1
81,1,6877,9,1
81,1,28900,10,1
81,1,1253,11,1
82,1,525766,0,1
82,1,452336,1,1
82,1,40385,2,1
82,1,3409,3,1
82,1,24622,4,1
82,1,627,5,1
82,1,4387,6,1
82,1,456095,7,1
82,1,41394,8,1
82,1,5963,9,1
82,1,25985,10,1
82,1,1118,11,1
83,1,480165,0,1
83,1,413505,1,1
83,1,37093,2,1
83,1,3048,3,1
83,1,22069,4,1
83,1,535,5,1
83,1,3915,6,1
83,1,416792,7,1
83,1,37982,8,1
83,1,5297,9,1
83,1,23310,10,1
83,1,1025,11,1
84,1,436527,0,1
84,1,377034,1,1
84,1,33012,2,1
84,1,2738,3,1
84,1,19761,4,1
84,1,496,5,1
84,1,3486,6,1
84,1,379983,7,1
84,1,33794,8,1
84,1,4736,9,1
84,1,20838,10,1
84,1,953,11,1
85,1,371082,0,1
85,1,320502,1,1
85,1,27892,2,1
85,1,2231,3,1
85,1,17045,4,1
85,1,454,5,1
85,1,2958,6,1
85,1,323023,7,1
85,1,28549,8,1
85,1,3902,9,1
85,1,17999,10,1
85,1,813,11,1
86,1,337306,0,1
86,1,292481,1,1
86,1,24659,2,1
86,1,2006,3,1
86,1,15161,4,1
86,1,381,5,1
86,1,2618,6,1
86,1,294720,7,1
86,1,25247,8,1
86,1,3460,9,1
86,1,16033,10,1
86,1,684,11,1
87,1,299845,0,1
87,1,261746,1,1
87,1,20715,2,1
87,1,1685,3,1
87,1,13085,4,1
87,1,338,5,1
87,1,2276,6,1
87,1,263688,7,1
87,1,21225,8,1
87,1,2941,9,1
87,1,13840,10,1
87,1,641,11,1
88,1,264191,0,1
88,1,231781,1,1
88,1,17397,2,1
88,1,1395,3,1
88,1,11344,4,1
88,1,297,5,1
88,1,1977,6,1
88,1,233469,7,1
88,1,17835,8,1
88,1,2497,9,1
88,1,12005,10,1
88,1,546,11,1
89,1,232649,0,1
89,1,203501,1,1
89,1,15494,2,1
89,1,1326,3,1
89,1,10333,4,1
89,1,265,5,1
89,1,1730,6,1
89,1,204970,7,1
89,1,15884,8,1
89,1,2295,9,1
89,1,10893,10,1
89,1,481,11,1
90,1,191220,0,1
90,1,167926,1,1
90,1,12286,2,1
90,1,1035,3,1
90,1,8334,4,1
90,1,205,5,1
90,1,1434,6,1
90,1,169127,7,1
90,1,12619,8,1
90,1,1868,9,1
90,1,8778,10,1
90,1,389,11,1
91,1,160941,0,1
91,1,141622,1,1
91,1,10079,2,1
91,1,846,3,1
91,1,7051,4,1
91,1,148,5,1
91,1,1195,6,1
91,1,142641,7,1
91,1,10336,8,1
91,1,1498,9,1
91,1,7453,10,1
91,1,305,11,1
92,1,131684,0,1
92,1,115625,1,1
92,1,8307,2,1
92,1,670,3,1
92,1,5959,4,1
92,1,115,5,1
92,1,1008,6,1
92,1,116483,7,1
92,1,8551,8,1
92,1,1241,9,1
92,1,6268,10,1
92,1,230,11,1
93,1,103415,0,1
93,1,90586,1,1
93,1,6619,2,1
93,1,513,3,1
93,1,4821,4,1
93,1,92,5,1
93,1,784,6,1
93,1,91251,7,1
93,1,6811,8,1
93,1,957,9,1
93,1,5064,10,1
93,1,188,11,1
94,1,81893,0,1
94,1,71465,1,1
94,1,5213,2,1
94,1,429,3,1
94,1,4071,4,1
94,1,65,5,1
94,1,650,6,1
94,1,72011,7,1
94,1,5365,8,1
94,1,788,9,1
94,1,4282,10,1
94,1,152,11,1
95,1,61994,0,1
95,1,53961,1,1
95,1,3900,2,1
95,1,309,3,1
95,1,3289,4,1
95,1,63,5,1
95,1,472,6,1
95,1,54364,7,1
95,1,4023,8,1
95,1,575,9,1
95,1,3441,10,1
95,1,114,11,1
96,1,46046,0,1
96,1,39789,1,1
96,1,2947,2,1
96,1,250,3,1
96,1,2643,4,1
96,1,39,5,1
96,1,378,6,1
96,1,40102,7,1
96,1,3044,8,1
96,1,448,9,1
96,1,2777,10,1
96,1,93,11,1
97,1,32611,0,1
97,1,27974,1,1
97,1,2083,2,1
97,1,168,3,1
97,1,2069,4,1
97,1,29,5,1
97,1,288,6,1
97,1,28218,7,1
97,1,2162,8,1
97,1,324,9,1
97,1,2165,10,1
97,1,67,11,1
98,1,23543,0,1
98,1,20241,1,1
98,1,1474,2,1
98,1,114,3,1
98,1,1488,4,1
98,1,24,5,1
98,1,202,6,1
98,1,20414,7,1
98,1,1528,8,1
98,1,223,9,1
98,1,1556,10,1
98,1,52,11,1
99,1,14596,0,1
99,1,12290,1,1
99,1,1003,2,1
99,1,78,3,1
99,1,1058,4,1
99,1,23,5,1
99,1,144,6,1
99,1,12405,7,1
99,1,1048,8,1
99,1,156,9,1
99,1,1106,10,1
99,1,43,11,1
100,1,23472,0,1
100,1,19111,1,1
100,1,1763,2,1
100,1,150,3,1
100,1,2175,4,1
100,1,36,5,1
100,1,237,6,1
100,1,19302,7,1
100,1,1836,8,1
100,1,275,9,1
100,1,2250,10,1
100,1,75,11,1
999,1,161657324,0,1
999,1,124192315,1,1
999,1,21113340,2,1
999,1,2108806,3,1
999,1,9307605,4,1
999,1,408958,5,1
999,1,4526300,6,1
999,1,128225442,7,1
999,1,23143558,8,1
999,1,3455822,9,1
999,1,10987079,10,1
999,1,809488,11,1
0,2,1847935,0,1
0,2,1328470,1,1
0,2,280549,2,1
0,2,29867,3,1
0,2,90537,4,1
0,2,5444,5,1
0,2,113068,6,1
0,2,1432695,7,1
0,2,342238,8,1
0,2,52241,9,1
0,2,131651,10,1
0,2,13327,11,1
1,2,1871014,0,1
1,2,1343309,1,1
1,2,285222,2,1
1,2,30173,3,1
1,2,93957,4,1
1,2,5559,5,1
1,2,112794,6,1
1,2,1447189,7,1
1,2,346548,8,1
1,2,52665,9,1
1,2,135072,10,1
1,2,13441,11,1
2,2,1916500,0,1
2,2,1373756,1,1
2,2,292109,2,1
2,2,30815,3,1
2,2,98831,4,1
2,2,5727,5,1
2,2,115262,6,1
2,2,1479893,7,1
2,2,354749,8,1
2,2,53773,9,1
2,2,140900,10,1
2,2,13787,11,1
3,2,1955655,0,1
3,2,1399076,1,1
3,2,299070,2,1
3,2,31529,3,1
3,2,102839,4,1
3,2,5889,5,1
3,2,117252,6,1
3,2,1506997,7,1
3,2,362811,8,1
3,2,54925,9,1
3,2,145602,10,1
3,2,14103,11,1
4,2,1976372,0,1
4,2,1412056,1,1
4,2,301851,2,1
4,2,31740,3,1
4,2,107024,4,1
4,2,5934,5,1
4,2,117767,6,1
4,2,1520445,7,1
4,2,365629,8,1
4,2,55230,9,1
4,2,150227,10,1
4,2,14150,11,1
5,2,1967081,0,1
5,2,1406671,1,1
5,2,301370,2,1
5,2,31886,3,1
5,2,105022,4,1
5,2,5737,5,1
5,2,116395,6,1
5,2,1513788,7,1
5,2,364493,8,1
5,2,55237,9,1
5,2,147501,10,1
5,2,13979,11,1
6,2,1964271,0,1
6,2,1405368,1,1
6,2,300045,2,1
6,2,31635,3,1
6,2,106763,4,1
6,2,5705,5,1
6,2,114755,6,1
6,2,1510794,7,1
6,2,361660,8,1
6,2,54938,9,1
6,2,149135,10,1
6,2,13967,11,1
7,2,1966584,0,1
7,2,1412952,1,1
7,2,299701,2,1
7,2,32281,3,1
7,2,103147,4,1
7,2,5520,5,1
7,2,112983,6,1
7,2,1516777,7,1
7,2,360186,8,1
7,2,55507,9,1
7,2,144717,10,1
7,2,13739,11,1
8,2,1986471,0,1
8,2,1434540,1,1
8,2,301405,2,1
8,2,31404,3,1
8,2,101027,4,1
8,2,5419,5,1
8,2,112676,6,1
8,2,1538074,7,1
8,2,361574,8,1
8,2,54976,9,1
8,2,142303,10,1
8,2,13604,11,1
9,2,1988726,0,1
9,2,1425458,1,1
9,2,302328,2,1
9,2,32102,3,1
9,2,106865,4,1
9,2,5869,5,1
9,2,116104,6,1
9,2,1532146,7,1
9,2,365051,8,1
9,2,56127,9,1
9,2,149043,10,1
9,2,14098,11,1
10,2,1989162,0,1
10,2,1424502,1,1
10,2,306160,2,1
10,2,31964,3,1
10,2,107165,4,1
10,2,6126,5,1
10,2,113245,6,1
10,2,1528600,7,1
10,2,367689,8,1
10,2,54726,9,1
10,2,148126,10,1
10,2,14191,11,1
11,2,2051224,0,1
11,2,1471375,1,1
11,2,316014,2,1
11,2,33057,3,1
11,2,110802,4,1
11,2,6156,5,1
11,2,113820,6,1
11,2,1575754,7,1
11,2,378160,8,1
11,2,56289,9,1
11,2,151667,10,1
11,2,14145,11,1
12,2,2058568,0,1
12,2,1485292,1,1
12,2,314523,2,1
12,2,33272,3,1
12,2,108731,4,1
12,2,6255,5,1
12,2,110495,6,1
12,2,1586440,7,1
12,2,374179,8,1
12,2,56299,9,1
12,2,148509,10,1
12,2,14286,11,1
13,2,2042234,0,1
13,2,1480320,1,1
13,2,308869,2,1
13,2,32837,3,1
13,2,109108,4,1
13,2,6055,5,1
13,2,105045,6,1
13,2,1576591,7,1
13,2,364763,8,1
13,2,54983,9,1
13,2,147383,10,1
13,2,13644,11,1
14,2,2038819,0,1
14,2,1481914,1,1
14,2,303607,2,1
14,2,32888,3,1
14,2,112596,4,1
14,2,6091,5,1
14,2,101723,6,1
14,2,1574765,7,1
14,2,357021,8,1
14,2,54844,9,1
14,2,149895,10,1
14,2,13453,11,1
15,2,2045739,0,1
15,2,1493313,1,1
15,2,301975,2,1
15,2,32195,3,1
15,2,114017,4,1
15,2,5814,5,1
15,2,98425,6,1
15,2,1583301,7,1
15,2,353055,8,1
15,2,53967,9,1
15,2,150300,10,1
15,2,13043,11,1
16,2,2034255,0,1
16,2,1487299,1,1
16,2,300890,2,1
16,2,31587,3,1
16,2,114557,4,1
16,2,5819,5,1
16,2,94103,6,1
16,2,1573256,7,1
16,2,348988,8,1
16,2,53173,9,1
16,2,149340,10,1
16,2,12690,11,1
17,2,2029872,0,1
17,2,1483571,1,1
17,2,306410,2,1
17,2,31348,3,1
17,2,111616,4,1
17,2,5675,5,1
17,2,91252,6,1
17,2,1566526,7,1
17,2,353490,8,1
17,2,53032,9,1
17,2,144560,10,1
17,2,12491,11,1
18,2,2083442,0,1
18,2,1519747,1,1
18,2,317386,2,1
18,2,31914,3,1
18,2,118073,4,1
18,2,5813,5,1
18,2,90509,6,1
18,2,1602101,7,1
18,2,363658,8,1
18,2,53524,9,1
18,2,150883,10,1
18,2,12737,11,1
19,2,2115655,0,1
19,2,1541428,1,1
19,2,326362,2,1
19,2,32455,3,1
19,2,119770,4,1
19,2,5781,5,1
19,2,89859,6,1
19,2,1622774,7,1
19,2,372544,8,1
19,2,54650,9,1
19,2,151851,10,1
19,2,12638,11,1
20,2,2086544,0,1
20,2,1524953,1,1
20,2,319441,2,1
20,2,31811,3,1
20,2,118001,4,1
20,2,5614,5,1
20,2,86724,6,1
20,2,1603471,7,1
20,2,363570,8,1
20,2,53883,9,1
20,2,148726,10,1
20,2,12290,11,1
21,2,2091237,0,1
21,2,1524445,1,1
21,2,321948,2,1
21,2,31909,3,1
21,2,122912,4,1
21,2,5702,5,1
21,2,84321,6,1
21,2,1600868,7,1
21,2,364421,8,1
21,2,53659,9,1
21,2,152668,10,1
21,2,12121,11,1
22,2,2103476,0,1
22,2,1532651,1,1
22,2,322471,2,1
22,2,31406,3,1
22,2,128874,4,1
22,2,5572,5,1
22,2,82502,6,1
22,2,1607063,7,1
22,2,363440,8,1
22,2,53460,9,1
22,2,158075,10,1
22,2,12085,11,1
23,2,2119886,0,1
23,2,1543252,1,1
23,2,323742,2,1
23,2,31204,3,1
23,2,135708,4,1
23,2,5869,5,1
23,2,80111,6,1
23,2,1615430,7,1
23,2,362854,8,1
23,2,53202,9,1
23,2,164436,10,1
23,2,12357,11,1
24,2,2167045,0,1
24,2,1569986,1,1
24,2,338933,2,1
24,2,32017,3,1
24,2,141089,4,1
24,2,6212,5,1
24,2,78808,6,1
24,2,1640477,7,1
24,2,377212,8,1
24,2,54157,9,1
24,2,169316,10,1
24,2,12812,11,1
25,2,2213205,0,1
25,2,1593746,1,1
25,2,354914,2,1
25,2,32863,3,1
25,2,147529,4,1
25,2,6398,5,1
25,2,77755,6,1
25,2,1663008,7,1
25,2,391845,8,1
25,2,55641,9,1
25,2,175430,10,1
25,2,13056,11,1
26,2,2245334,0,1
26,2,1612707,1,1
26,2,363899,2,1
26,2,33597,3,1
26,2,153960,4,1
26,2,6429,5,1
26,2,74742,6,1
26,2,1679011,7,1
26,2,398600,8,1
26,2,56242,9,1
26,2,181015,10,1
26,2,13010,11,1
27,2,2312599,0,1
27,2,1659499,1,1
27,2,374475,2,1
27,2,34319,3,1
27,2,163304,4,1
27,2,6575,5,1
27,2,74427,6,1
27,2,1725059,7,1
27,2,408042,8,1
27,2,56927,9,1
27,2,191259,10,1
27,2,13387,11,1
28,2,2366969,0,1
28,2,1696805,1,1
28,2,382644,2,1
28,2,33810,3,1
28,2,174085,4,1
28,2,6987,5,1
28,2,72638,6,1
28,2,1760133,7,1
28,2,415252,8,1
28,2,55756,9,1
28,2,202200,10,1
28,2,13993,11,1
29,2,2366339,0,1
29,2,1699293,1,1
29,2,379529,2,1
29,2,33029,3,1
29,2,178727,4,1
29,2,7113,5,1
29,2,68648,6,1
29,2,1759252,7,1
29,2,409646,8,1
29,2,54215,9,1
29,2,205262,10,1
29,2,13704,11,1
30,2,2273519,0,1
30,2,1633895,1,1
30,2,357862,2,1
30,2,31076,3,1
30,2,180198,4,1
30,2,6762,5,1
30,2,63726,6,1
30,2,1689376,7,1
30,2,385295,8,1
30,2,50656,9,1
30,2,205430,10,1
30,2,12999,11,1
31,2,2220984,0,1
31,2,1610388,1,1
31,2,336925,2,1
31,2,30391,3,1
31,2,176172,4,1
31,2,6735,5,1
31,2,60373,6,1
31,2,1662998,7,1
31,2,362674,8,1
31,2,49110,9,1
31,2,200125,10,1
31,2,12713,11,1
32,2,2181619,0,1
32,2,1589290,1,1
32,2,324839,2,1
32,2,29367,3,1
32,2,173238,4,1
32,2,6654,5,1
32,2,58231,6,1
32,2,1640050,7,1
32,2,349402,8,1
32,2,47968,9,1
32,2,196232,10,1
32,2,12324,11,1
33,2,2189693,0,1
33,2,1603387,1,1
33,2,320418,2,1
33,2,29397,3,1
33,2,174074,4,1
33,2,6741,5,1
33,2,55676,6,1
33,2,1651613,7,1
33,2,343461,8,1
33,2,47610,9,1
33,2,196107,10,1
33,2,12368,11,1
34,2,2210880,0,1
34,2,1622220,1,1
34,2,319959,2,1
34,2,29430,3,1
34,2,177531,4,1
34,2,6704,5,1
34,2,55036,6,1
34,2,1669972,7,1
34,2,342031,8,1
34,2,47733,9,1
34,2,199633,10,1
34,2,12334,11,1
35,2,2148244,0,1
35,2,1576492,1,1
35,2,307910,2,1
35,2,28697,3,1
35,2,175679,4,1
35,2,6503,5,1
35,2,52963,6,1
35,2,1622357,7,1
35,2,328560,8,1
35,2,46687,9,1
35,2,197244,10,1
35,2,12073,11,1
36,2,2181076,0,1
36,2,1603541,1,1
36,2,312392,2,1
36,2,29196,3,1
36,2,176157,4,1
36,2,6707,5,1
36,2,53083,6,1
36,2,1649334,7,1
36,2,333006,8,1
36,2,47604,9,1
36,2,197569,10,1
36,2,12324,11,1
37,2,2180124,0,1
37,2,1605232,1,1
37,2,312867,2,1
37,2,28443,3,1
37,2,175263,4,1
37,2,6611,5,1
37,2,51708,6,1
37,2,1649753,7,1
37,2,333174,8,1
37,2,46656,9,1
37,2,195805,10,1
37,2,12094,11,1
38,2,2156217,0,1
38,2,1591384,1,1
38,2,310793,2,1
38,2,28402,3,1
38,2,168877,4,1
38,2,6179,5,1
38,2,50582,6,1
38,2,1635039,7,1
38,2,330755,8,1
38,2,46271,9,1
38,2,188704,10,1
38,2,11533,11,1
39,2,2186919,0,1
39,2,1609456,1,1
39,2,321682,2,1
39,2,28693,3,1
39,2,170279,4,1
39,2,6421,5,1
39,2,50388,6,1
39,2,1652828,7,1
39,2,341511,8,1
39,2,46758,9,1
39,2,189982,10,1
39,2,11834,11,1
40,2,2058650,0,1
40,2,1516000,1,1
40,2,301600,2,1
40,2,26472,3,1
40,2,162171,4,1
40,2,5829,5,1
40,2,46578,6,1
40,2,1556024,7,1
40,2,319656,8,1
40,2,43370,9,1
40,2,180440,10,1
40,2,10762,11,1
41,2,2018752,0,1
41,2,1493430,1,1
41,2,290962,2,1
41,2,26338,3,1
41,2,157603,4,1
41,2,5531,5,1
41,2,44888,6,1
41,2,1531822,7,1
41,2,308223,8,1
41,2,42964,9,1
41,2,175234,10,1
41,2,10202,11,1
42,2,2002157,0,1
42,2,1481280,1,1
42,2,288177,2,1
42,2,26033,3,1
42,2,157673,4,1
42,2,5565,5,1
42,2,43429,6,1
42,2,1518328,7,1
42,2,304657,8,1
42,2,42414,9,1
42,2,174728,10,1
42,2,10222,11,1
43,2,1940751,0,1
43,2,1436822,1,1
43,2,276662,2,1
43,2,25078,3,1
43,2,156301,4,1
43,2,5233,5,1
43,2,40655,6,1
43,2,1471429,7,1
43,2,291922,8,1
43,2,40648,9,1
43,2,172333,10,1
43,2,9525,11,1
44,2,1994174,0,1
44,2,1481137,1,1
44,2,283401,2,1
44,2,25524,3,1
44,2,159574,4,1
44,2,5064,5,1
44,2,39474,6,1
44,2,1514679,7,1
44,2,297884,8,1
44,2,40736,9,1
44,2,175276,10,1
44,2,9161,11,1
45,2,1937417,0,1
45,2,1439706,1,1
45,2,274398,2,1
45,2,24589,3,1
45,2,156042,4,1
45,2,4950,5,1
45,2,37732,6,1
45,2,1471565,7,1
45,2,288211,8,1
45,2,39383,9,1
45,2,170991,10,1
45,2,8950,11,1
46,2,1970074,0,1
46,2,1464318,1,1
46,2,282233,2,1
46,2,24935,3,1
46,2,156526,4,1
46,2,4862,5,1
46,2,37200,6,1
46,2,1495706,7,1
46,2,295710,8,1
46,2,39775,9,1
46,2,171263,10,1
46,2,8756,11,1
47,2,2052817,0,1
47,2,1539535,1,1
47,2,290901,2,1
47,2,24917,3,1
47,2,155427,4,1
47,2,4831,5,1
47,2,37206,6,1
47,2,1570880,7,1
47,2,304047,8,1
47,2,40284,9,1
47,2,169918,10,1
47,2,8791,11,1
48,2,2168043,0,1
48,2,1644293,1,1
48,2,303474,2,1
48,2,25759,3,1
48,2,151451,4,1
48,2,4930,5,1
48,2,38136,6,1
48,2,1676426,7,1
48,2,316802,8,1
48,2,41835,9,1
48,2,165980,10,1
48,2,9158,11,1
49,2,2184045,0,1
49,2,1664568,1,1
49,2,300339,2,1
49,2,25509,3,1
49,2,151685,4,1
49,2,5060,5,1
49,2,36884,6,1
49,2,1695431,7,1
49,2,313083,8,1
49,2,41431,9,1
49,2,165749,10,1
49,2,9261,11,1
50,2,2071196,0,1
50,2,1587609,1,1
50,2,278595,2,1
50,2,24077,3,1
50,2,142307,4,1
50,2,4721,5,1
50,2,33887,6,1
50,2,1616007,7,1
50,2,289900,8,1
50,2,39228,9,1
50,2,155018,10,1
50,2,8490,11,1
51,2,2027460,0,1
51,2,1551802,1,1
51,2,279553,2,1
51,2,23510,3,1
51,2,135831,4,1
51,2,4587,5,1
51,2,32177,6,1
51,2,1578544,7,1
51,2,290229,8,1
51,2,38133,9,1
51,2,147767,10,1
51,2,8430,11,1
52,2,2033163,0,1
52,2,1569678,1,1
52,2,278910,2,1
52,2,23468,3,1
52,2,125391,4,1
52,2,4550,5,1
52,2,31166,6,1
52,2,1595584,7,1
52,2,289497,8,1
52,2,37962,9,1
52,2,136459,10,1
52,2,8180,11,1
53,2,2067526,0,1
53,2,1594379,1,1
53,2,287687,2,1
53,2,23771,3,1
53,2,126319,4,1
53,2,4501,5,1
53,2,30869,6,1
53,2,1619973,7,1
53,2,297820,8,1
53,2,38574,9,1
53,2,137261,10,1
53,2,8138,11,1
54,2,2191195,0,1
54,2,1701016,1,1
54,2,300558,2,1
54,2,24955,3,1
54,2,128055,4,1
54,2,4765,5,1
54,2,31846,6,1
54,2,1727336,7,1
54,2,310915,8,1
54,2,40508,9,1
54,2,139086,10,1
54,2,8548,11,1
55,2,2236979,0,1
55,2,1746938,1,1
55,2,298549,2,1
55,2,24940,3,1
55,2,130241,4,1
55,2,4612,5,1
55,2,31699,6,1
55,2,1773127,7,1
55,2,308364,8,1
55,2,40860,9,1
55,2,141252,10,1
55,2,8395,11,1
56,2,2235893,0,1
56,2,1752875,1,1
56,2,293675,2,1
56,2,24455,3,1
56,2,129071,4,1
56,2,4483,5,1
56,2,31334,6,1
56,2,1778627,7,1
56,2,303489,8,1
56,2,40429,9,1
56,2,139684,10,1
56,2,8177,11,1
57,2,2230590,0,1
57,2,1762730,1,1
57,2,289970,2,1
57,2,24257,3,1
57,2,118434,4,1
57,2,4440,5,1
57,2,30759,6,1
57,2,1787965,7,1
57,2,299578,8,1
57,2,40242,9,1
57,2,128731,10,1
57,2,8098,11,1
58,2,2259796,0,1
58,2,1793471,1,1
58,2,290678,2,1
58,2,24092,3,1
58,2,117292,4,1
58,2,4236,5,1
58,2,30027,6,1
58,2,1818097,7,1
58,2,299752,8,1
58,2,40051,9,1
58,2,127300,10,1
58,2,7794,11,1
59,2,2271644,0,1
59,2,1794873,1,1
59,2,295666,2,1
59,2,24162,3,1
59,2,122709,4,1
59,2,4256,5,1
59,2,29978,6,1
59,2,1819339,7,1
59,2,304949,8,1
59,2,40053,9,1
59,2,132610,10,1
59,2,7796,11,1
60,2,2199986,0,1
60,2,1748601,1,1
60,2,281832,2,1
60,2,22682,3,1
60,2,114964,4,1
60,2,3902,5,1
60,2,28005,6,1
60,2,1771654,7,1
60,2,290168,8,1
60,2,37968,9,1
60,2,124038,10,1
60,2,7074,11,1
61,2,2187221,0,1
61,2,1747292,1,1
61,2,272044,2,1
61,2,21971,3,1
61,2,114969,4,1
61,2,3814,5,1
61,2,27131,6,1
61,2,1769494,7,1
61,2,280206,8,1
61,2,36913,9,1
61,2,123700,10,1
61,2,6829,11,1
62,2,2165425,0,1
62,2,1732480,1,1
62,2,270010,2,1
62,2,21308,3,1
62,2,111721,4,1
62,2,3597,5,1
62,2,26309,6,1
62,2,1754086,7,1
62,2,277823,8,1
62,2,36271,9,1
62,2,119728,10,1
62,2,6592,11,1
63,2,2090246,0,1
63,2,1672035,1,1
63,2,258113,2,1
63,2,20512,3,1
63,2,110835,4,1
63,2,3468,5,1
63,2,25283,6,1
63,2,1692728,7,1
63,2,265620,8,1
63,2,34853,9,1
63,2,118683,10,1
63,2,6264,11,1
64,2,2071538,0,1
64,2,1663593,1,1
64,2,250322,2,1
64,2,19481,3,1
64,2,110733,4,1
64,2,3350,5,1
64,2,24059,6,1
64,2,1683218,7,1
64,2,257450,8,1
64,2,32992,9,1
64,2,118279,10,1
64,2,6105,11,1
65,2,1991169,0,1
65,2,1608492,1,1
65,2,235328,2,1
65,2,18157,3,1
65,2,103768,4,1
65,2,3121,5,1
65,2,22303,6,1
65,2,1626652,7,1
65,2,241906,8,1
65,2,31100,9,1
65,2,110414,10,1
65,2,5687,11,1
66,2,1914181,0,1
66,2,1554499,1,1
66,2,219467,2,1
66,2,16902,3,1
66,2,99358,4,1
66,2,2896,5,1
66,2,21059,6,1
66,2,1571748,7,1
66,2,225529,8,1
66,2,29186,9,1
66,2,105712,10,1
66,2,5288,11,1
67,2,1836574,0,1
67,2,1496508,1,1
67,2,207645,2,1
67,2,15803,3,1
67,2,94688,4,1
67,2,2761,5,1
67,2,19169,6,1
67,2,1512223,7,1
67,2,213105,8,1
67,2,27223,9,1
67,2,100259,10,1
67,2,4954,11,1
68,2,1781346,0,1
68,2,1449077,1,1
68,2,204646,2,1
68,2,15154,3,1
68,2,91602,4,1
68,2,2543,5,1
68,2,18324,6,1
68,2,1464028,7,1
68,2,210062,8,1
68,2,26148,9,1
68,2,96794,10,1
68,2,4627,11,1
69,2,1731958,0,1
69,2,1405705,1,1
69,2,197115,2,1
69,2,14462,3,1
69,2,94505,4,1
69,2,2535,5,1
69,2,17636,6,1
69,2,1420015,7,1
69,2,202299,8,1
69,2,24884,9,1
69,2,99706,10,1
69,2,4609,11,1
70,2,1674584,0,1
70,2,1374005,1,1
70,2,181933,2,1
70,2,13453,3,1
70,2,86240,4,1
70,2,2438,5,1
70,2,16515,6,1
70,2,1387577,7,1
70,2,186666,8,1
70,2,23473,9,1
70,2,90823,10,1
70,2,4287,11,1
71,2,1647705,0,1
71,2,1364801,1,1
71,2,171501,2,1
71,2,12687,3,1
71,2,80624,4,1
71,2,2229,5,1
71,2,15863,6,1
71,2,1377901,7,1
71,2,175926,8,1
71,2,22303,9,1
71,2,85036,10,1
71,2,4028,11,1
72,2,1707812,0,1
72,2,1441296,1,1
72,2,161194,2,1
72,2,12323,3,1
72,2,75258,4,1
72,2,1945,5,1
72,2,15796,6,1
72,2,1454466,7,1
72,2,165569,8,1
72,2,22187,9,1
72,2,79454,10,1
72,2,3628,11,1
73,2,1259662,0,1
73,2,1043231,1,1
73,2,129357,2,1
73,2,9731,3,1
73,2,63403,4,1
73,2,1758,5,1
73,2,12182,6,1
73,2,1053299,7,1
73,2,132690,8,1
73,2,16900,9,1
73,2,66971,10,1
73,2,3207,11,1
74,2,1238863,0,1
74,2,1028035,1,1
74,2,127173,2,1
74,2,9358,3,1
74,2,60954,4,1
74,2,1656,5,1
74,2,11687,6,1
74,2,1037713,7,1
74,2,130360,8,1
74,2,16266,9,1
74,2,64327,10,1
74,2,3060,11,1
75,2,1199896,0,1
75,2,1005743,1,1
75,2,117330,2,1
75,2,8673,3,1
75,2,55607,4,1
75,2,1447,5,1
75,2,11096,6,1
75,2,1014932,7,1
75,2,120422,8,1
75,2,15386,9,1
75,2,58649,10,1
75,2,2780,11,1
76,2,1218702,0,1
76,2,1033196,1,1
76,2,114718,2,1
76,2,8180,3,1
76,2,50642,4,1
76,2,1315,5,1
76,2,10651,6,1
76,2,1042092,7,1
76,2,117613,8,1
76,2,14712,9,1
76,2,53479,10,1
76,2,2529,11,1
77,2,1056331,0,1
77,2,888573,1,1
77,2,101434,2,1
77,2,7185,3,1
77,2,48763,4,1
77,2,1209,5,1
77,2,9167,6,1
77,2,896214,7,1
77,2,103857,8,1
77,2,12796,9,1
77,2,51266,10,1
77,2,2227,11,1
78,2,960647,0,1
78,2,805361,1,1
78,2,94727,2,1
78,2,6583,3,1
78,2,44466,4,1
78,2,1041,5,1
78,2,8469,6,1
78,2,812392,7,1
78,2,97001,8,1
78,2,11700,9,1
78,2,46870,10,1
78,2,2047,11,1
79,2,898590,0,1
79,2,751003,1,1
79,2,89950,2,1
79,2,6197,3,1
79,2,42448,4,1
79,2,1096,5,1
79,2,7896,6,1
79,2,757571,7,1
79,2,92104,8,1
79,2,10929,9,1
79,2,44648,10,1
79,2,2002,11,1
80,2,831640,0,1
80,2,700731,1,1
80,2,79686,2,1
80,2,5473,3,1
80,2,37672,4,1
80,2,992,5,1
80,2,7086,6,1
80,2,706635,7,1
80,2,81559,8,1
80,2,9695,9,1
80,2,39691,10,1
80,2,1855,11,1
81,2,788013,0,1
81,2,664518,1,1
81,2,75492,2,1
81,2,5229,3,1
81,2,35446,4,1
81,2,897,5,1
81,2,6431,6,1
81,2,669863,7,1
81,2,77252,8,1
81,2,8966,9,1
81,2,37304,10,1
81,2,1661,11,1
82,2,715575,0,1
82,2,603118,1,1
82,2,68643,2,1
82,2,4565,3,1
82,2,32511,4,1
82,2,811,5,1
82,2,5927,6,1
82,2,608084,7,1
82,2,70221,8,1
82,2,8011,9,1
82,2,34229,10,1
82,2,1526,11,1
83,2,671025,0,1
83,2,565419,1,1
83,2,65174,2,1
83,2,4265,3,1
83,2,30075,4,1
83,2,705,5,1
83,2,5387,6,1
83,2,569889,7,1
83,2,66663,8,1
83,2,7449,9,1
83,2,31603,10,1
83,2,1295,11,1
84,2,631230,0,1
84,2,533810,1,1
84,2,60146,2,1
84,2,3929,3,1
84,2,27648,4,1
84,2,640,5,1
84,2,5057,6,1
84,2,537994,7,1
84,2,61474,8,1
84,2,6882,9,1
84,2,29119,10,1
84,2,1234,11,1
85,2,551385,0,1
85,2,466004,1,1
85,2,52674,2,1
85,2,3269,3,1
85,2,24389,4,1
85,2,574,5,1
85,2,4475,6,1
85,2,469775,7,1
85,2,53879,8,1
85,2,5821,9,1
85,2,25757,10,1
85,2,1093,11,1
86,2,519340,0,1
86,2,440185,1,1
86,2,48294,2,1
86,2,3042,3,1
86,2,23319,4,1
86,2,495,5,1
86,2,4005,6,1
86,2,443521,7,1
86,2,49346,8,1
86,2,5356,9,1
86,2,24495,10,1
86,2,1004,11,1
87,2,479078,0,1
87,2,409074,1,1
87,2,42608,2,1
87,2,2708,3,1
87,2,20554,4,1
87,2,438,5,1
87,2,3696,6,1
87,2,412177,7,1
87,2,43608,8,1
87,2,4826,9,1
87,2,21600,10,1
87,2,887,11,1
88,2,438887,0,1
88,2,376788,1,1
88,2,37386,2,1
88,2,2347,3,1
88,2,18732,4,1
88,2,397,5,1
88,2,3237,6,1
88,2,379485,7,1
88,2,38286,8,1
88,2,4202,9,1
88,2,19671,10,1
88,2,783,11,1
89,2,403333,0,1
89,2,345770,1,1
89,2,34559,2,1
89,2,2154,3,1
89,2,17515,4,1
89,2,377,5,1
89,2,2958,6,1
89,2,348245,7,1
89,2,35355,8,1
89,2,3860,9,1
89,2,18371,10,1
89,2,723,11,1
90,2,345227,0,1
90,2,297060,1,1
90,2,29121,2,1
90,2,1631,3,1
90,2,14577,4,1
90,2,327,5,1
90,2,2511,6,1
90,2,299154,7,1
90,2,29824,8,1
90,2,3085,9,1
90,2,15271,10,1
90,2,632,11,1
91,2,306231,0,1
91,2,264444,1,1
91,2,25141,2,1
91,2,1496,3,1
91,2,12678,4,1
91,2,260,5,1
91,2,2212,6,1
91,2,266283,7,1
91,2,25738,8,1
91,2,2765,9,1
91,2,13310,10,1
91,2,556,11,1
92,2,262383,0,1
92,2,226758,1,1
92,2,21454,2,1
92,2,1297,3,1
92,2,10807,4,1
92,2,209,5,1
92,2,1858,6,1
92,2,228326,7,1
92,2,21952,8,1
92,2,2365,9,1
92,2,11334,10,1
92,2,431,11,1
93,2,217370,0,1
93,2,187537,1,1
93,2,17944,2,1
93,2,1032,3,1
93,2,9109,4,1
93,2,195,5,1
93,2,1553,6,1
93,2,188832,7,1
93,2,18380,8,1
93,2,1911,9,1
93,2,9540,10,1
93,2,384,11,1
94,2,182384,0,1
94,2,157537,1,1
94,2,14750,2,1
94,2,845,3,1
94,2,7737,4,1
94,2,169,5,1
94,2,1346,6,1
94,2,158663,7,1
94,2,15178,8,1
94,2,1641,9,1
94,2,8060,10,1
94,2,302,11,1
95,2,145092,0,1
95,2,125675,1,1
95,2,11449,2,1
95,2,665,3,1
95,2,6196,4,1
95,2,126,5,1
95,2,981,6,1
95,2,126502,7,1
95,2,11730,8,1
95,2,1227,9,1
95,2,6469,10,1
95,2,245,11,1
96,2,111417,0,1
96,2,96090,1,1
96,2,8995,2,1
96,2,479,3,1
96,2,4967,4,1
96,2,95,5,1
96,2,791,6,1
96,2,96738,7,1
96,2,9228,8,1
96,2,943,9,1
96,2,5170,10,1
96,2,194,11,1
97,2,84358,0,1
97,2,72835,1,1
97,2,6788,2,1
97,2,365,3,1
97,2,3676,4,1
97,2,87,5,1
97,2,607,6,1
97,2,73334,7,1
97,2,6979,8,1
97,2,706,9,1
97,2,3840,10,1
97,2,168,11,1
98,2,62607,0,1
98,2,53884,1,1
98,2,5013,2,1
98,2,285,3,1
98,2,2881,4,1
98,2,59,5,1
98,2,485,6,1
98,2,54277,7,1
98,2,5170,8,1
98,2,561,9,1
98,2,3010,10,1
98,2,123,11,1
99,2,42528,0,1
99,2,35971,1,1
99,2,3775,2,1
99,2,191,3,1
99,2,2230,4,1
99,2,35,5,1
99,2,326,6,1
99,2,36232,7,1
99,2,3884,8,1
99,2,371,9,1
99,2,2319,10,1
99,2,84,11,1
100,2,76850,0,1
100,2,63642,1,1
100,2,7338,2,1
100,2,370,3,1
100,2,4783,4,1
100,2,88,5,1
100,2,629,6,1
100,2,64147,7,1
100,2,7574,8,1
100,2,716,9,1
100,2,4944,10,1
100,2,174,11,1
999,2,166582199,0,1
999,2,126329875,1,1
999,2,22961746,2,1
999,2,2079286,3,1
999,2,10197257,4,1
999,2,397979,5,1
999,2,4616056,6,1
999,2,130421046,7,1
999,2,25077581,8,1
999,2,3489730,9,1
999,2,11874906,10,1
999,2,802936,11,1
